,ex,k,distance,mink_power,decision,weighting,mean_sc,std_sc,mean_time,std_time
0,ex_0,1,minkowski,1,majority,equal,0.9567918497729059,0.009683032134865707,0.8410016059875488,0.0442483949495225
1,ex_1,1,minkowski,1,majority,relieff,0.9665991933099983,0.007310336476232135,0.9277377843856811,0.05355950216963878
2,ex_2,1,minkowski,1,majority,IG,0.9766696873649952,0.007937332818964487,0.9053172826766968,0.006672725975376299
3,ex_3,1,minkowski,1,IDW,equal,0.9567918497729059,0.009683032134865707,0.9817698955535888,0.03474951986034573
4,ex_4,1,minkowski,1,IDW,relieff,0.9665991933099983,0.007310336476232135,1.0522883176803588,0.11288991484067014
5,ex_5,1,minkowski,1,IDW,IG,0.9732206873826129,0.006454457125785038,1.02727472782135,0.02856734079487425
6,ex_6,1,minkowski,1,sheppard,equal,0.9567918497729059,0.009683032134865707,1.131686019897461,0.08130188685737338
7,ex_7,1,minkowski,1,sheppard,relieff,0.9665991933099983,0.007310336476232135,1.1001657247543335,0.10710837296962362
8,ex_8,1,minkowski,1,sheppard,IG,0.9758704227135361,0.0046809125626262335,0.9929634809494019,0.04273483620416229
9,ex_9,1,minkowski,2,majority,equal,0.9607727422534313,0.010070669431943192,0.9041653633117676,0.0038418212953228986
10,ex_10,1,minkowski,2,majority,relieff,0.9655437992102467,0.009300597546095128,0.9688475847244262,0.08123537032575934
11,ex_11,1,minkowski,2,majority,IG,0.971638309155562,0.00794240379917557,0.9301599264144897,0.03500971539012083
12,ex_12,1,minkowski,2,IDW,equal,0.9607727422534313,0.010070669431943192,1.0035892963409423,0.05795929377495088
13,ex_13,1,minkowski,2,IDW,relieff,0.9655437992102467,0.009300597546095128,1.0199843168258667,0.012963937598298989
14,ex_14,1,minkowski,2,IDW,IG,0.9689843634460555,0.006488551677176437,1.06436185836792,0.07550497075558153
15,ex_15,1,minkowski,2,sheppard,equal,0.9607727422534313,0.010070669431943192,0.9451593160629272,0.06461747437736545
16,ex_16,1,minkowski,2,sheppard,relieff,0.9655437992102467,0.009300597546095128,1.018019962310791,0.09820059096127662
17,ex_17,1,minkowski,2,sheppard,IG,0.970842538286622,0.006360517861100406,0.9656561613082886,0.02889320271715819
18,ex_18,3,minkowski,1,majority,equal,0.9591700137401213,0.007903728977962802,0.887169623374939,0.007159191174924016
19,ex_19,3,minkowski,1,majority,relieff,0.9660672746542568,0.009617579244547082,0.9222925186157227,0.015999831689996108
20,ex_20,3,minkowski,1,majority,IG,0.9779924386286554,0.005828994005916604,0.9533113718032837,0.09546125487015927
21,ex_21,3,minkowski,1,IDW,equal,0.9591728132334131,0.00912858829328377,0.962113618850708,0.014975652522084845
22,ex_22,3,minkowski,1,IDW,relieff,0.9671324967525242,0.009400004524900559,0.9971553087234497,0.03708982573265834
23,ex_23,3,minkowski,1,IDW,IG,0.9793172988289592,0.0060391023274226985,1.0705158233642578,0.09732110392136711
24,ex_24,3,minkowski,1,sheppard,equal,0.9591700137401213,0.007903728977962802,0.935242748260498,0.10023271813217745
25,ex_25,3,minkowski,1,sheppard,relieff,0.9660672746542568,0.009617579244547082,0.933937931060791,0.01970594152550277
26,ex_26,3,minkowski,1,sheppard,IG,0.9774675373394925,0.005456392783849024,0.9615046739578247,0.051369809590116194
27,ex_27,3,minkowski,2,majority,equal,0.9594401778329343,0.009179189482103866,0.8994218111038208,0.02320211165908746
28,ex_28,3,minkowski,2,majority,relieff,0.9642091146849149,0.008577881133120323,0.9751536130905152,0.10324759947905389
29,ex_29,3,minkowski,2,majority,IG,0.9708453377799138,0.00622638678360937,0.9187685251235962,0.019991233089774012
30,ex_30,3,minkowski,2,IDW,equal,0.9586472213580564,0.009553541369557649,0.9558804273605347,0.025809699745707203
31,ex_31,3,minkowski,2,IDW,relieff,0.9639466696539747,0.008561838036173334,1.0266007900238037,0.10096003080675617
32,ex_32,3,minkowski,2,IDW,IG,0.970836924428814,0.005440586609466607,1.0057853698730468,0.04781698137090849
33,ex_33,3,minkowski,2,sheppard,equal,0.9594401778329343,0.009179189482103866,0.8884944915771484,0.0075165311032378305
34,ex_34,3,minkowski,2,sheppard,relieff,0.9642091146849149,0.008577881133120323,0.9473771333694458,0.022087611158640462
35,ex_35,3,minkowski,2,sheppard,IG,0.9719014410401174,0.008557304187595469,0.9389524936676026,0.01189060204756604
36,ex_36,5,minkowski,1,majority,equal,0.9628870688491278,0.008454259943393636,0.8944967031478882,0.06754582266431429
37,ex_37,5,minkowski,1,majority,relieff,0.9650076887206348,0.009747315635113862,0.9388904333114624,0.031527486956982154
38,ex_38,5,minkowski,1,majority,IG,0.9761447935114445,0.0037127967571482807,1.0146146535873413,0.10209664732694054
39,ex_39,5,minkowski,1,IDW,equal,0.9623579571813814,0.008998954143431964,0.9745320558547974,0.025374041723004084
40,ex_40,5,minkowski,1,IDW,relieff,0.9668658524225554,0.009485296118851865,1.0037180185317993,0.018436752213860586
41,ex_41,5,minkowski,1,IDW,IG,0.9758732073060576,0.005752459519663182,1.1910583257675171,0.16730898387919566
42,ex_42,5,minkowski,1,sheppard,equal,0.9628870688491278,0.008454259943393636,1.0573719978332519,0.09824934806158156
43,ex_43,5,minkowski,1,sheppard,relieff,0.9650076887206348,0.009747315635113862,1.0138278007507324,0.0964977667406333
44,ex_44,5,minkowski,1,sheppard,IG,0.9764044316134808,0.003651199176975715,0.9801409244537354,0.03390903801210218
45,ex_45,5,minkowski,2,majority,equal,0.9631509136562594,0.008247689954092247,0.9267688274383545,0.027794954234117385
46,ex_46,5,minkowski,2,majority,relieff,0.9655360875248956,0.0075871990841829915,0.967760419845581,0.0774425892465649
47,ex_47,5,minkowski,2,majority,IG,0.9711099066187222,0.0065082299382286475,0.9295222520828247,0.027488555926980015
48,ex_48,5,minkowski,2,IDW,equal,0.9620912868415419,0.010199607306144607,0.9459014654159545,0.015391269631632504
49,ex_49,5,minkowski,2,IDW,relieff,0.9666005929975532,0.008949059066702729,1.0088563919067384,0.04691339934881758
50,ex_50,5,minkowski,2,IDW,IG,0.9729631581581291,0.007648420063739145,0.9955186605453491,0.02276133823057283
51,ex_51,5,minkowski,2,sheppard,equal,0.9631509136562594,0.008247689954092247,0.9032142639160157,0.026384714718766515
52,ex_52,5,minkowski,2,sheppard,relieff,0.9655360875248956,0.0075871990841829915,0.9400460720062256,0.020355781491606172
53,ex_53,5,minkowski,2,sheppard,IG,0.9708418291261701,0.007572047004671043,0.9379348516464233,0.013330180511519874
54,ex_54,7,minkowski,1,majority,equal,0.9626204134100584,0.007054615221107564,0.8612523555755616,0.010995133005676394
55,ex_55,7,minkowski,1,majority,relieff,0.9673935532050102,0.0069080024875524376,0.9197147607803344,0.029891541981523422
56,ex_56,7,minkowski,1,majority,IG,0.9764058313305812,0.004656696247097417,0.9067909479141235,0.012008484985739113
57,ex_57,7,minkowski,1,IDW,equal,0.9615615069239842,0.007693989319214522,0.9327186584472656,0.010878796095693092
58,ex_58,7,minkowski,1,IDW,relieff,0.9668637398124241,0.006615430631129808,1.0023525953292847,0.037866388016341915
59,ex_59,7,minkowski,1,IDW,IG,0.9769342375704545,0.004606723874820482,1.0278310298919677,0.09756458852523783
60,ex_60,7,minkowski,1,sheppard,equal,0.9626204134100584,0.007054615221107564,0.8795128583908081,0.011342508589822437
61,ex_61,7,minkowski,1,sheppard,relieff,0.9673935532050102,0.0069080024875524376,1.008222484588623,0.08841771760025492
62,ex_62,7,minkowski,1,sheppard,IG,0.9753497392385689,0.006900644131665466,1.0054239988327027,0.01834770673362895
63,ex_63,7,minkowski,2,majority,equal,0.9647417238677594,0.00863199675582439,0.9160953521728515,0.012690420217698159
64,ex_64,7,minkowski,2,majority,relieff,0.9660651880539961,0.006141767188435383,1.0041529893875123,0.06042475489600664
65,ex_65,7,minkowski,2,majority,IG,0.9708425419896555,0.006684651260399241,0.9857532262802124,0.059069115807791645
66,ex_66,7,minkowski,2,IDW,equal,0.9628863485204843,0.010058129672579576,1.013586401939392,0.04031411121095803
67,ex_67,7,minkowski,2,IDW,relieff,0.9650076776115343,0.007470722713604825,1.0879706859588623,0.04514840300118425
68,ex_68,7,minkowski,2,IDW,IG,0.975613569174476,0.007464815014181599,1.1087918758392334,0.09676008987505541
69,ex_69,7,minkowski,2,sheppard,equal,0.9647417238677594,0.00863199675582439,0.997835350036621,0.04583454894061051
70,ex_70,7,minkowski,2,sheppard,relieff,0.9660651880539961,0.006141767188435383,1.025108814239502,0.10196758649344682
71,ex_71,7,minkowski,2,sheppard,IG,0.9716319861077564,0.005448330013684746,0.9822160482406617,0.04169478789069447
72,ex_72,1,cosine,,majority,equal,0.7976879565610286,0.026799937557538487,0.9175947904586792,0.02047737733064079
73,ex_73,1,cosine,,majority,relieff,0.7213331802428393,0.03527881190329308,0.9402671337127686,0.0359425480496032
74,ex_74,1,cosine,,majority,IG,0.9241974028941897,0.03111200074458243,0.9229675769805908,0.012736925244657525
75,ex_75,1,cosine,,IDW,equal,0.7976879565610286,0.026799937557538487,0.9980713367462158,0.009510373373731186
76,ex_76,1,cosine,,IDW,relieff,0.7213331802428393,0.03527881190329308,1.019050168991089,0.02106358435361867
77,ex_77,1,cosine,,IDW,IG,0.8851863466672342,0.05489429655085233,1.0315457820892333,0.07690943348024691
78,ex_78,1,cosine,,sheppard,equal,0.7976879565610286,0.026799937557538487,0.9533324003219604,0.10092248581339458
79,ex_79,1,cosine,,sheppard,relieff,0.7213331802428393,0.03527881190329308,0.9405081272125244,0.006780521970322795
80,ex_80,1,cosine,,sheppard,IG,0.9040001793954253,0.04318246445509221,0.9409524440765381,0.006131569130366211
81,ex_81,3,cosine,,majority,equal,0.9236437085206728,0.007039450133750071,0.9749897718429565,0.08110678376883947
82,ex_82,3,cosine,,majority,relieff,0.9138215876444882,0.016300123118109387,1.0064916133880615,0.09631676386549956
83,ex_83,3,cosine,,majority,IG,0.9392887010284078,0.001456032885417577,0.9487099170684814,0.02185761620580896
84,ex_84,3,cosine,,IDW,equal,0.9236437085206728,0.007039450133750071,1.0467141389846801,0.06773822625047107
85,ex_85,3,cosine,,IDW,relieff,0.9138215876444882,0.016300123118109387,1.0748177528381349,0.10896918471608019
86,ex_86,3,cosine,,IDW,IG,0.9387588987744676,0.000815372566733639,1.0015470743179322,0.01339545536019927
87,ex_87,3,cosine,,sheppard,equal,0.9236437085206728,0.007039450133750071,0.9769547700881958,0.09511207311557504
88,ex_88,3,cosine,,sheppard,relieff,0.9138215876444882,0.016300123118109387,0.953776216506958,0.020038915349859802
89,ex_89,3,cosine,,sheppard,IG,0.9369021348487383,0.0073992653342525505,0.9598105907440185,0.04098855657035084
90,ex_90,5,cosine,,majority,equal,0.9170138383341111,0.03032930244089152,0.9093102216720581,0.010391834968284991
91,ex_91,5,cosine,,majority,relieff,0.9228479637206941,0.02543898336533725,0.9330552101135254,0.018539221498647108
92,ex_92,5,cosine,,majority,IG,0.9313304396218705,0.024936703841444394,0.9529219150543213,0.09124847600951488
93,ex_93,5,cosine,,IDW,equal,0.9170138383341111,0.03032930244089152,0.999628233909607,0.02132084422848041
94,ex_94,5,cosine,,IDW,relieff,0.9228479637206941,0.02543898336533725,1.0385611534118653,0.04284967860943535
95,ex_95,5,cosine,,IDW,IG,0.9387616982677593,0.0024342174759645666,1.0267400741577148,0.08415390710437647
96,ex_96,5,cosine,,sheppard,equal,0.9170138383341111,0.03032930244089152,0.9817709445953369,0.06102355977296507
97,ex_97,5,cosine,,sheppard,relieff,0.9228479637206941,0.02543898336533725,0.9738522291183471,0.021593517777725117
98,ex_98,5,cosine,,sheppard,IG,0.9318623470503298,0.011826026395236118,0.992921781539917,0.08731411324220589
99,ex_99,7,cosine,,majority,equal,0.8976721483210595,0.020154873546266272,0.9276807546615601,0.022965166386999445
100,ex_100,7,cosine,,majority,relieff,0.9183520349798562,0.03145153704393948,0.9884494543075562,0.09472111722865616
101,ex_101,7,cosine,,majority,IG,0.9387588987744676,0.000815372566733639,0.9769097566604614,0.049916035988169974
102,ex_102,7,cosine,,IDW,equal,0.8976721483210595,0.020154873546266272,1.1223901987075806,0.19619663170201843
103,ex_103,7,cosine,,IDW,relieff,0.9183520349798562,0.03145153704393948,1.105927586555481,0.08260357792485098
104,ex_104,7,cosine,,IDW,IG,0.9374326388275179,0.0027265489336675886,1.0228518009185792,0.010062905900897874
105,ex_105,7,cosine,,sheppard,equal,0.8976721483210595,0.020154873546266272,0.9420196533203125,0.005175340673497578
106,ex_106,7,cosine,,sheppard,relieff,0.9183520349798562,0.03145153704393948,0.9761659622192382,0.014295503226460643
107,ex_107,7,cosine,,sheppard,IG,0.937432638827518,0.004931545130864996,0.9989548683166504,0.06090893977414001
