,index,ex,k,distance,mink_power,decision,weighting,mean_sc,std_sc,mean_time,std_time
0,23,ex_23,3,minkowski,1,IDW,IG,0.9793172988289592,0.0060391023274226985,1.0705158233642578,0.09732110392136711
2,26,ex_26,3,minkowski,1,sheppard,IG,0.9774675373394925,0.005456392783849024,0.9615046739578247,0.051369809590116194
3,59,ex_59,7,minkowski,1,IDW,IG,0.9769342375704545,0.004606723874820482,1.0278310298919677,0.09756458852523783
4,2,ex_2,1,minkowski,1,majority,IG,0.9766696873649952,0.007937332818964487,0.9053172826766968,0.006672725975376299
5,56,ex_56,7,minkowski,1,majority,IG,0.9764058313305812,0.004656696247097417,0.9067909479141235,0.012008484985739113
7,38,ex_38,5,minkowski,1,majority,IG,0.9761447935114445,0.0037127967571482807,1.0146146535873413,0.10209664732694054
9,8,ex_8,1,minkowski,1,sheppard,IG,0.9758704227135361,0.0046809125626262335,0.9929634809494019,0.04273483620416229
10,68,ex_68,7,minkowski,2,IDW,IG,0.975613569174476,0.007464815014181599,1.1087918758392334,0.09676008987505541
11,62,ex_62,7,minkowski,1,sheppard,IG,0.9753497392385689,0.006900644131665466,1.0054239988327027,0.01834770673362895
